paper_id,cluster_id
W2756038645,261
W1978591382,262
W2290452516,263
W2096887879,50
W2165025360,78
W2276530525,106
W2135703887,128
W2133001582,4
W2093402979,4
W184758014,20
W2148839232,60
W1589362500,264
W2149720806,10
W2147088720,33
W4253925510,265
W2963087412,4
W1797873548,266
W2154123601,267
W2157342211,109
W2962902376,9
W2278298932,64
W1580944449,49
W2964337551,4
W2963975576,268
W2154418813,5
W2107384509,79
W1863270349,80
W2118664399,4
W3021395787,269
W2126574721,20
W2046245205,129
W1513168562,270
W2584886900,271
W2897120700,272
W1602918181,273
W2157689518,0
W1975175956,274
W4234580423,81
W2074594718,2
W2134953271,275
W2123564449,276
W2171331105,277
W2102632804,39
W1999657641,278
W2149464084,54
W1516637935,279
W2756659234,118
W2982509551,280
W2524620548,0
W1550768496,24
W2155028447,281
W2081037298,130
W4240438002,282
W2781658203,2
W4230587399,283
W2165510626,6
W1995841147,284
W2134510195,16
W2038420231,8
W2893443580,128
W2021123788,72
W2592299284,131
W2049119796,285
W1972679863,286
W2001685400,287
W3036016037,126
W3016010032,21
W2097780353,59
W2059285111,288
W1973414297,13
W2128906841,2
W2061398022,7
W2517394750,289
W2742157926,290
W3206973060,16
W2023155726,291
W51508254,292
W2779610669,9
W2165852544,293
W2139865360,86
W3094948551,1
W2080400971,21
W2166787100,294
W2005579877,0
W2131791946,6
W2171094068,13
W1526572160,17
W2049785083,0
W1990395546,24
W1483870316,3
W3011460294,8
W2963820951,295
W2118269922,49
W2571907764,296
W2511803001,12
W2119593119,120
W2152458990,33
W1977331952,136
W2104181254,82
W2145060720,28
W2122382648,119
W2113832486,19
W2085573882,1
W2038891881,4
W3039075121,297
W2100617218,17
W2120030930,6
W2041713059,8
W2097625976,298
W1489992655,0
W2963201933,299
W4200261490,108
W3111333805,300
W2739423245,301
W2123929269,132
W2037004467,302
W4300071243,303
W2147642262,304
W2153384885,224
W2810011639,305
W2573137292,8
W2126574503,5
W1993503482,0
W2168493061,18
W2086007337,83
W2041656211,190
W2063048719,306
W2046636826,82
W2074346829,1
W2110378855,307
W2120011452,1
W2079983098,16
W2047097182,19
W1987581799,2
W2001099600,308
W2048226872,9
W2159040314,309
W2157411165,310
W1983594442,311
W2790993440,312
W2162686919,84
W2086771214,14
W2044002869,133
W2133946027,31
W2065961934,313
W3048804154,1
W2783792814,314
W2080335539,315
W171373254,85
W4317796310,316
W2040374677,317
W2122402213,86
W2163292664,5
W3106741970,87
W1986979429,26
W3044853528,134
W3003265726,12
W2055204629,318
W2163929346,14
W2980856918,11
W1596951786,82
W2153596970,5
W2149874318,319
W2110862165,17
W2004492169,62
W1560055494,75
W1988543519,17
W2514190140,320
W204053250,21
W2883143154,321
W2028544857,76
W2159591770,21
W2088314245,322
W1979266466,5
W2048097029,15
W2169263924,18
W2003128389,98
W2597005596,323
W1552995248,324
W1969579437,325
W2121668868,33
W2612843093,326
W2242874043,327
W1998871422,18
W2168881191,328
W2963204406,11
W2010399676,5
W2895909303,329
W1991520109,69
W2123095296,24
W2093413764,330
W2164534115,331
W2069281566,10
W2180885055,14
W1494198834,21
W2123950369,105
W2111165162,135
W1973693867,332
W2153815796,45
W2623551786,23
W2095069785,20
W2903252781,35
W2075090033,53
W2125031621,42
W2076004681,0
W4235469158,136
W2048753011,333
W4238546739,334
W2156093990,335
W109452506,202
W2802043004,19
W1621799579,1
W2041350325,336
W2015555255,337
W2342472925,137
W2128860214,4
W2153169342,4
W2252057809,20
W2963282500,25
W2753386236,6
W2964138017,12
W2103581319,9
W2963134661,338
W2030144199,14
W1608481154,339
W1554398046,340
W2165092209,26
W2400528202,11
W2006112512,94
W2038619757,55
W2092942461,11
W2765200655,2
W150775819,341
W2097725665,138
W4235817903,342
W2972432684,2
W2061939373,65
W1969344535,2
W2107198105,36
W2139096963,23
W2025334706,210
W3104876774,343
W2493746814,344
W1595002505,345
W2000343728,44
W2892556724,87
W1985699615,346
W2149557440,12
W2966677374,347
W2949836779,1
W2149926189,68
W1568555283,113
W3036385388,240
W2081145547,43
W2155870214,348
W3130255873,349
W2002915275,350
W2033079808,351
W2141018272,197
W2962986791,9
W2106424823,88
W2143434511,352
W2142827986,0
W2085431509,6
W2063862666,42
W1980690490,353
W2098232769,24
W2097290407,354
W2150139634,355
W199176224,356
W2061700262,11
W1979308597,357
W2154756494,358
W2466060750,8
W2541557612,35
W4205686602,359
W3003651800,360
W3169203486,361
W2155713541,89
W1601068082,139
W1986570368,11
W2014889099,142
W2094727373,362
W2896236534,1
W1981154266,3
W2076611807,363
W1926428750,28
W1553725291,364
W1771326151,8
W2090818178,365
W2156077349,366
W1640745651,10
W2020470161,27
W2052167135,367
W1966931213,32
W2113028304,368
W2070412788,0
W2099867994,369
W2147310642,140
W2142876645,370
W4205767597,371
W2146176543,0
W2168720188,17
W1990005915,14
W2014482607,9
W2063476153,141
W2164962034,36
W2146031911,23
W1976969221,4
W3009465306,72
W181649851,372
W2126513753,373
W197262582,374
W2142803923,17
W1540550726,22
W2032865436,142
W2097074225,7
W2099934438,18
W2038194220,16
W2782613962,375
W2101651025,90
W2099044471,19
W4249468678,376
W2105157020,377
W4213150674,378
W2790843555,379
W4322008312,29
W2017146017,11
W2137760878,73
W2135964285,4
W2133286823,380
W1995903777,5
W2602440570,0
W3119587736,381
W2091420866,3
W1992360673,25
W2039057510,21
W2035741146,382
W2344607369,11
W2340398802,6
W2737019897,383
W2148056538,1
W2081526168,56
W2019966888,384
W2160154797,385
W2075402943,13
W1426956448,12
W2043878167,143
W2136354320,28
W1530679938,386
W2955419213,16
W2249121382,0
W2964076076,6
W2158069733,21
W1594453896,1
W1486199311,9
W3011067038,144
W1964077143,213
W2141382172,16
W2588239865,387
W2124479173,388
W1990322756,6
W2612764117,389
W2150766729,42
W2133066598,23
W2096166399,47
W2101984817,15
W1970871143,196
W2148461049,16
W2103334940,145
W1511843316,259
W2482293012,233
W2119251836,390
W2164638305,5
W2125360619,391
W2164067630,392
W2171724053,146
W2153351685,8
W3043750934,393
W2474516010,3
W2031849950,147
W2762561030,394
W2097452095,9
W1536360122,15
W2150440166,5
W2145959734,395
W2461158874,7
W2098424918,24
W1573526548,58
W3007769740,13
W2102234166,15
W2963043696,396
W2153178980,107
W4301516964,397
W2168290833,398
W1965648588,399
W2560178266,148
W3148160083,400
W3148186152,401
W2145415641,2
W1608836379,15
W191098608,402
W1550950318,403
W2884065486,404
W2105781905,24
W2163808566,4
W2291994988,19
W2177338808,405
W1964042213,406
W2163790854,149
W2163291889,0
W202954878,407
W2162568862,408
W4251257878,409
W2073214011,410
W2947280658,411
W2149322275,412
W2146316822,138
W2969792713,413
W1973697585,414
W1626834557,415
W4238732474,220
W2008749436,195
W1585486752,416
W2103496339,11
W2168175183,417
W3151306683,150
W2475334473,418
W2088492763,2
W2078951341,74
W2117699769,419
W2009172517,420
W2085138920,421
W2979689312,422
W2167614100,24
W2076127403,423
W2213611497,424
W2952464298,425
W2108630796,14
W2168069066,18
W2808706139,21
W2097359812,257
W2937693915,6
W2088049833,3
W4206031910,20
W2138933282,17
W2998993395,151
W2019125550,91
W1550405527,426
W2042033151,427
W3120740533,1
W2184993170,23
W2056435187,3
W2888290426,102
W4390874280,18
W2510520237,428
W1980880567,152
W4206918024,8
W2132515061,429
W2105347639,430
W2160538621,33
W1537033052,431
W2165745738,432
W1981031568,433
W2562122439,434
W2057099256,435
W2892845027,3
W2095576699,436
W2142145056,11
W4247710350,54
W2165837041,1
W2124475023,155
W3206921000,153
W2104560801,437
W2119168155,1
W2122703146,438
W2114863372,439
W2146461054,440
W2143908786,12
W2011112377,2
W1990939104,78
W2962754725,7
W2111405580,204
W2128149764,88
W2953669419,13
W2576444478,242
W2081980673,0
W2134927525,441
W2051539919,442
W2091432990,12
W2133741724,443
W4322775759,15
W1941659294,1
W2147507815,444
W2962950660,445
W2124334240,446
W159389675,168
W42203131,447
W1973437133,448
W2161819990,28
W2096547754,49
W2102560179,19
W3194745632,449
W2102027449,230
W2095976990,14
W2054901814,450
W2067948398,16
W1990729297,451
W2172287020,21
W2083045248,6
W2104800148,57
W1211014924,452
W2152883745,14
W2962988048,4
W3150048650,182
W2037177386,453
W2107327607,1
W2128133840,154
W2046150577,13
W2051533101,454
W2135658380,5
W4386076493,3
W2044445916,455
W4318035272,456
W328766226,87
W2998534896,457
W2108214308,458
W2069069851,212
W1992950539,459
W4298126436,13
W2146338950,8
W2129368140,460
W1973861090,127
W2549268194,461
W2137218219,462
W2088336913,18
W1480140759,463
W2478708596,6
W3015613093,6
W2135065661,117
W4300958603,464
W2012312630,465
W2079913403,2
W2025089570,466
W2097018403,22
W2088489410,56
W1925984292,467
W1977838479,16
W2007877577,16
W2123547142,0
W2963956198,6
W2997429269,5
W1496748331,468
W1976478698,92
W2055921164,9
W619004858,469
W2963648573,3
W2908064123,9
W2317879529,4
W2280985394,470
W1554451661,155
W2025148784,471
W2103981365,472
W2156960709,25
W3000745202,473
W2979481854,22
W3203630573,6
W2082471194,474
W2963616706,7
W2014831132,19
W2067191635,18
W2094484179,475
W2109212155,476
W2160289821,135
W1623168575,477
W2089115820,191
W2902455138,1
W1979393293,41
W2090767179,478
W2163171438,479
W2135653217,52
W2799345028,2
W2245843004,14
W2055447163,3
W2133559194,0
W2138661194,480
W2038584908,481
W1570060426,156
W2031317221,482
W3204616723,483
W1964117853,484
W2788070733,40
W2129965408,485
W2098741260,2
W1498066347,47
W2012197287,17
W2167489871,9
W2098873358,43
W2038779958,486
W2599547527,3
W2168359139,487
W3034584726,3
W2048024857,488
W2889529934,23
W2027361448,14
W2075937691,489
W2791170418,490
W2803662301,491
W2132983747,492
W2148726987,3
W2049695835,493
W2168405694,9
W2113085788,2
W2097883090,8
W2102953461,494
W3167514323,495
W1836718474,496
W2169351022,231
W3082150784,19
W1542162318,497
W1988455886,40
W2158550208,157
W2029041800,13
W2102184039,8
W2016602016,498
W1557523735,499
W4389437528,29
W2393319904,4
W2754665629,39
W2477385318,500
W1984187759,23
W2143642228,158
W2079369525,501
W2901534369,7
W2025478229,18
W4230715923,502
W2031827201,159
W1552314771,160
W2990768863,503
W1707172707,51
W2088379928,504
W2073146149,26
W608347107,505
W567773728,98
W2128204165,169
W2125188427,506
W2889024928,507
W2251818205,46
W92805021,508
W2034175424,32
W1496636779,161
W2336920772,509
W2172231696,11
W2161429633,510
W2104130981,2
W3049490572,137
W4378473491,29
W1966539012,203
W7682646,7
W2152423679,511
W2046451536,512
W2108364340,31
W3172710079,71
W1893133781,58
W2889452663,513
W2113350481,0
W613432223,514
W2128556371,515
W3036925570,47
W2740472038,19
W2015493872,54
W2064356272,14
W2155732497,15
W1837843568,18
W2963336057,6
W2138558362,516
W2143185749,8
W2035669276,517
W2034090215,18
W2288214779,125
W2078057720,518
W2076238075,35
W2749478475,519
W2120605154,162
W2052912429,520
W2294465279,91
W2168951033,521
W2024780670,522
W935072310,93
W3049287381,523
W1985347735,94
W35636098,524
W2054044780,525
W4234937017,526
W2171574281,258
W2150299862,527
W2053256259,528
W2294170611,11
W3034724715,7
W2912934387,1
W2129115514,529
W1590929875,530
W2119984902,0
W2733118110,531
W1996020380,532
W2170213261,163
W2078035571,533
W2148768866,534
W2091538045,535
W1600796577,164
W1965721320,536
W2016589492,12
W616339485,537
W240302486,15
W2151802865,4
W2148727560,538
W1503925285,13
W2807530277,539
W3038754372,11
W1574517835,540
W2140833774,541
W2172171145,542
W2620844046,11
W2529090470,543
W2398484989,11
W2104733512,544
W2125099770,545
W2139148100,18
W3210514413,10
W1586617399,546
W1517687210,30
W2099345216,81
W2082585693,25
W3110749958,68
W1557418999,43
W2134301016,547
W1972106757,548
W2963992782,16
W2083601800,549
W2147019420,550
W2153863240,188
W1749554492,0
W2094782892,551
W2132781907,17
W2151554678,8
W2164330553,552
W2122190623,5
W343945789,0
W2136175037,105
W3020687048,16
W1491576965,1
W2136806896,17
W1997060717,23
W4312594135,10
W2054903753,553
W2289218694,16
W2092116045,9
W2160072137,75
W2962974533,10
W2103751734,554
W2904730732,555
W2140242774,50
W3098605233,3
W2170653240,556
W1982146060,2
W2120041316,7
W2622621570,2
W2042084307,557
W1970319972,558
W2144275666,165
W1607105911,559
W2912435603,7
W2018762316,560
W68733909,12
W2160163723,9
W206440355,8
W2081671968,561
W1496923911,132
W1487664366,33
W2215643317,74
W2007687650,18
W2577404187,23
W2110361884,17
W4313310852,166
W1585861384,562
W2118828104,0
W3109496323,563
W4386075992,10
W2611104282,10
W2146839357,141
W2111204873,95
W2168905447,167
W1993318811,564
W2049495124,16
W2046778278,565
W1995148628,566
W2130019381,96
W2562433831,567
W4319301505,29
W2153233136,14
W2152694311,59
W2110026675,20
W2124617909,0
W1939652453,2
W2105524676,568
W2166111585,20
W2038339454,30
W2319085245,569
W2535707672,16
W1953793983,570
W2032511669,571
W2144951274,572
W3201909053,16
W2298224214,573
W2054562387,114
W1999885698,77
W2100175650,574
W3100646853,575
W1598952354,576
W2964217532,577
W1965351873,578
W2233021649,6
W1881860748,579
W2962749469,12
W2161307885,0
W3024942079,580
W2164351536,168
W1823976324,16
W4241716071,9
W2056399320,6
W1970011159,581
W1905774212,582
W2282861635,1
W222053410,583
W2123030512,584
W2883560233,39
W2552214786,15
W2902857081,31
W2609065314,88
W2412695664,585
W2121763550,586
W2130351941,37
W2149274049,11
W2765739766,16
W1991904270,587
W2109785846,17
W2734755249,12
W2011161709,249
W2170282111,588
W2765302304,9
W2124105024,589
W2100162598,169
W2061989622,1
W2913455019,75
W4377079715,3
W2014644972,0
W3120421331,22
W31924142,590
W2042997824,591
W1575558843,592
W2143309843,0
W2523717353,20
W2783301790,170
W4232411460,593
W3032766692,594
W4304694200,595
W1557790403,19
W2116648802,35
W2970606380,2
W3010809165,0
W179500209,596
W2083624955,3
W1985190062,110
W2101002859,61
W2151635674,118
W4206512547,597
W2558405088,171
W3013423977,27
W2248415020,73
W4288057765,3
W3103145119,65
W2140695747,1
W2051768896,14
W2069140227,598
W1990461339,599
W2124216931,17
W2607500032,4
W4313545395,157
W2162417293,14
W2035731507,600
W2130737558,26
W2262139624,601
W2044494469,17
W2112463456,602
W2033288247,603
W2798734012,172
W2884154111,13
W2031832897,79
W2899381463,2
W117491841,3
W1504813440,604
W2219874140,2
W1800365115,605
W1566965859,5
W2155106456,14
W1582350176,606
W1972436494,14
W2036520185,607
W2092170583,608
W2120391124,609
W1641379095,9
W2282743468,610
W2044502527,611
W1529355025,77
W2041398617,173
W2022934794,612
W2910165844,613
W2150692003,11
W2159498975,13
W2557593045,614
W2091131578,60
W2918408501,1
W2111465715,0
W2170180420,97
W2121156749,615
W2161466446,14
W2606697812,186
W2171708479,161
W2802105481,616
W2104026855,48
W2014981059,617
W1992147426,70
W2321847250,618
W2466424288,619
W1811355673,620
W2761645513,23
W2067953767,621
W2777342313,5
W2161637667,0
W2141696417,0
W2592416275,16
W2137960819,622
W2118988523,8
W2153885989,37
W2135879356,623
W4385416665,3
W1891842933,624
W4241096513,625
W154391266,626
W3001069493,1
W3041367927,18
W4213078871,627
W635338029,628
W1236321187,629
W2560647685,9
W2999211082,94
W2019904315,10
W2177274602,28
W1508466705,630
W2049400871,52
W2140207879,631
W3083804794,632
W1493144892,633
W2066727938,634
W2152683961,635
W2160441315,27
W2115792525,636
W2091695913,4
W3147967090,637
W2855469196,638
W1569757501,8
W2762439315,639
W1989354341,6
W2168986749,640
W2347146185,641
W2739757502,7
W2155416230,642
W2560533888,7
W2296441616,6
W2084025653,30
W2134795104,24
W2885256964,643
W1907293129,2
W2105406958,24
W2133258886,644
W2045012623,1
W3117951887,3
W1979005794,174
W4381304672,645
W1544072197,646
W2039189705,55
W2161415693,91
W2119057313,647
W2163181067,160
W2963306805,10
W2167677198,4
W3099862346,2
W2099855035,648
W2072088341,27
W2151906117,649
W1980567103,76
W2576246534,23
W27728773,10
W1970352604,7
W2132821178,6
W1509298722,2
W2158900125,51
W1538844189,6
W2038533573,70
W2152548630,4
W4220966162,22
W2179244919,32
W1982935918,650
W2132051999,1
W1557133539,651
W2020250474,652
W4255938980,653
W2091539440,654
W3003662786,5
W2171033594,1
W2018208713,655
W1965182037,656
W2030864601,175
W2120658941,60
W2158701325,140
W2133786537,657
W2912978522,228
W1798924124,658
W2031566357,35
W93179402,659
W3147708684,660
W4239025696,661
W2005852294,19
W1488413727,662
W2161730338,0
W2081977080,4
W3089248281,6
W2043492303,663
W3034601242,1
W2166056089,239
W150801922,664
W2749008552,665
W1965895350,1
W2146355519,666
W626395553,667
W1528789833,4
W1541795511,668
W2485276051,669
W2796301186,13
W2145679918,43
W3185256938,670
W2546302380,3
W2014428287,96
W2136123282,671
W3109639294,672
W1636210188,1
W2155479981,673
W2012012991,98
W1967274588,86
W2016433830,44
W2149985621,238
W2886499109,3
W2088114053,41
W2162124096,194
W2134684274,51
W1502101714,674
W3042392478,675
W2152949369,676
W2955177623,677
W1984010941,20
W2963929190,678
W2250489604,22
W2251433042,679
W2963782415,5
W2168835173,680
W2171211995,104
W146125889,1
W2036322673,681
W1559956479,8
W2043735323,30
W2150307013,176
W2987150909,7
W2134493171,682
W2400994325,683
W2158207287,28
W2328078142,14
W2159081551,75
W2366389387,13
W2040353241,69
W2889016530,1
W3196371845,2
W2149164687,684
W2093440027,685
W1985588167,165
W2809216229,10
W2065427498,27
W2049314312,686
W1964439345,687
W4234726042,2
W3146306708,18
W2063997960,0
W2584229793,4
W4385632485,3
W2202656999,7
W2344209240,688
W2156009282,19
W2060363472,247
W2561342562,689
W2158774246,241
W2566265240,13
W2093555426,690
W1902027874,4
W2898233200,691
W2787927827,4
W2343676215,6
W2113395323,692
W2797811632,15
W2143055330,693
W3007268491,694
W3172752666,3
W2026841079,177
W2068220298,85
W2163881971,695
W2098304071,99
W1481628066,11
W2103378897,39
W1980397870,696
W2137155471,7
W2055764470,178
W1909515874,697
W2964279249,698
W2097995023,17
W3135371071,46
W2162813238,9
W2124927196,225
W2034478217,699
W2140025163,700
W2212135289,68
W2001156057,701
W2104641222,9
W2053515873,15
W2129112648,7
W2118676041,702
W1579798859,17
W1596547119,703
W2966218717,22
W2144982963,704
W1993962870,13
W2759211898,46
W1988790447,1
W2588000623,9
W3158023256,705
W2008985174,198
W2107729695,8
W2039179345,0
W2067425370,4
W3189440539,15
W2170772194,19
W2096292849,6
W2990296674,3
W2186120071,18
W4303980550,16
W1986913310,706
W1997037941,707
W2167024399,708
W2552465432,3
W2011482625,17
W2059659390,709
W2981854972,10
W2063838657,178
W4301253858,47
W2772726293,11
W2144903371,179
W1494160116,4
W2412926690,710
W2598646247,16
W1965665622,17
W2150721933,0
W2029463628,711
W2153562927,712
W2549624130,713
W4287020683,7
W4366597469,2
W2370924594,0
W2610831013,7
W2120101509,0
W2074106797,45
W3119205652,3
W295690833,17
W2006805041,17
W2054988762,27
W1967042038,714
W2127297674,101
W2909157769,180
W1486481742,715
W2095422038,716
W1549353711,717
W2138484437,77
W2090649853,15
W2156415214,718
W2885030880,12
W3021743785,1
W3156684287,16
W2533739470,5
W2152926062,181
W3100368766,719
W2102890180,720
W2139412680,721
W2167306162,1
W2803620531,722
W2115629999,1
W2084338988,26
W2109870918,723
W2159617688,724
W3132347552,725
W1511448892,26
W2145053972,726
W2587989515,727
W2014204110,100
W1972200153,728
W2037620269,729
W2053614949,23
W2133493855,13
W2777280533,31
W2788667846,42
W2078950386,184
W1908950999,730
W2565639579,3
W2963428623,9
W2152810080,61
W2440214111,4
W2161676175,14
W2255388164,5
W1540492331,100
W2171036274,1
W2335342262,182
W2027654789,3
W2159416255,183
W2002190525,0
W1567046609,731
W2991772480,2
W2912664727,732
W1993957541,733
W2079280466,41
W2130500927,734
W2071563913,735
W1553038132,736
W2076471773,55
W323911834,737
W2000239500,738
W2104517640,24
W2145713909,739
W2063615695,185
W2093919938,184
W1606554938,17
W2040376141,740
W1977948323,741
W1988931981,18
W3035571898,3
W2103317919,57
W2106749358,73
W3177082483,1
W2057184806,742
W2783929168,2
W1521333607,18
W2161251616,11
W1511267087,743
W3039828778,744
W4212812504,69
W2159043079,6
W2144113061,23
W2116410915,745
W2963790884,1
W3041277256,746
W2103628399,2
W3174792937,10
W2978572058,747
W2012187514,23
W3035449864,3
W2295130897,748
W2129620481,0
W2806379360,4
W2125023624,749
W2102081731,750
W1730404227,751
W2103879485,50
W2140124448,752
W2000735747,34
W2038659300,8
W2076756823,753
W2022182585,754
W2081267137,755
W1978387271,0
W1495168473,10
W2167897892,145
W3035143213,71
W2556078315,23
W2165529641,57
W1511832825,193
W2766761849,1
W4319302984,6
W2988452521,3
W2071075503,101
W123101483,756
W2120676604,73
W2148746214,14
W3130540371,757
W1578335245,758
W2119245106,67
W1990570224,759
W2343236817,66
W3163939464,9
W3043363778,760
W2056126252,761
W2110689325,199
W1566499617,16
W3043547428,10
W2018372581,102
W2000399486,30
W2414378847,762
W2108817692,763
W2122661933,764
W1778513012,6
W2124421215,15
W2107573178,15
W2089337412,5
W2134834581,3
W2161259233,765
W1485346879,23
W1535606938,26
W2164097701,766
W1507678838,767
W2105831729,24
W2939083804,768
W2068113013,103
W2017609493,15
W2020342163,769
W2160405192,770
W2157918617,24
W2001292730,771
W2132791018,1
W1775913388,8
W3805906,1
W2963334472,227
W2149098813,772
W1988975763,773
W4247267706,185
W2777170053,7
W2166183437,20
W1782169904,774
W2133192850,3
W2103481737,3
W1874027545,3
W2158419323,775
W2100934737,776
W3203538104,10
W2963323070,46
W177444027,777
W2155195832,41
W2772317693,186
W2024318675,778
W1589781773,44
W1787500456,8
W2116520617,779
W2491755848,780
W3134208756,781
W2774707525,782
W2140026725,783
W2016016478,784
W2149354278,785
W3013553122,93
W1971616954,5
W2030023298,786
W2382582593,787
W4256486341,788
W1891640176,24
W3003369869,19
W2113491487,16
W2462947182,789
W1488440450,1
W1946110011,13
W2145089737,790
W2126385342,187
W2750339080,791
W1996763811,792
W2131044585,793
W2132987358,188
W2068431618,104
W2020167157,794
W1883898636,795
W1505837402,0
W2069217348,796
W1979849262,4
W2058352122,797
W3173365306,3
W1967900147,2
W2947815220,39
W2902695612,798
W2016114400,799
W4253927864,253
W2047839530,103
W2161094289,800
W2607041014,7
W1511842436,216
W2963849369,3
W1978779053,134
W2117973059,801
W104703790,18
W2129770824,802
W2002011878,11
W1965949675,20
W2737729489,226
W2138178896,43
W2619769228,189
W2753798143,71
W2105455005,52
W2737766105,12
W2082498363,26
W1567903304,803
W1497184635,804
W2073872078,805
W2234017516,806
W2112980698,807
W2096118443,11
W2795374598,13
W2053740008,190
W2138737752,45
W2140327372,808
W2117778781,59
W3084173793,5
W2112557018,809
W2077251622,810
W2030186544,62
W2105053210,811
W204424277,4
W2966535964,5
W4225576932,7
W2012066443,0
W2039031286,812
W4298826872,813
W1973953888,814
W1992673035,0
W2046888157,815
W4238652859,816
W2552511422,19
W2097423358,817
W2042034007,125
W3015751022,92
W1646998587,50
W2110769762,818
W2008886893,14
W139562302,0
W177101540,14
W2106217851,2
W3088158297,13
W2957905354,819
W1753858198,191
W2585459224,1
W2478899349,192
W3155140745,23
W2885775891,12
W2148539800,820
W184116120,821
W3021564798,6
W2098472991,19
W1906292202,193
W2419500842,6
W3000309212,822
W2482792214,108
W2105245738,260
W4210439023,6
W2075955477,175
W2056884277,823
W2922073769,824
W2164327070,181
W2036190841,825
W1607519102,826
W2145676339,7
W2117853853,7
W2158510188,827
W2157887077,828
W2049113041,829
W2764207251,31
W1591360835,15
W1502624642,0
W2129004891,37
W2891234927,194
W2066207739,830
W2754437305,831
W2069418622,0
W2620871200,11
W2098802943,832
W1574787923,15
W1987512289,1
W2132712787,833
W2485821267,15
W1977141583,0
W2128716459,48
W2963446712,7
W2109618870,13
W3007447684,17
W57243869,834
W2110850401,195
W1667869507,835
W2113069851,836
W2122887675,63
W2051124169,837
W2093414802,838
W1510445203,35
W2134415008,105
W2806865914,10
W2766038777,839
W4232751114,840
W2165702358,41
W4234875403,841
W2020073413,12
W2015326607,218
W2334166442,842
W2492131272,843
W2054127354,245
W2166820052,844
W2563685048,13
W2102159398,845
W2971998890,106
W2151892901,8
W2145310492,1
W2112560726,64
W1966132871,846
W2125057759,143
W2068702980,847
W2121818873,34
W2165410586,17
W2949709688,20
W4306292873,848
W2810965170,849
W2159128662,0
W2963992805,2
W4238317525,15
W2155722340,25
W2733520819,12
W2069503920,850
W2105185344,24
W2793740540,851
W2062493711,852
W2944846084,13
W1508976176,853
W1975400766,854
W2157808045,146
W2151360539,855
W2097436041,18
W2050887598,856
W2159844592,857
W2575864632,858
W2009798335,859
W2132997613,14
W2087563320,860
W2976013652,0
W2963066927,861
W2110934250,5
W2158435382,40
W2161860896,13
W2166132830,5
W1851467418,862
W2120976781,863
W2063754791,864
W2112063877,865
W2152584537,866
W2895973886,11
W2085692415,117
W2093605161,10
W2157316473,867
W2053381312,124
W2120244029,76
W2171321863,868
W4237249670,196
W2301876830,63
W1600979142,869
W2625746539,151
W3112713116,870
W2479959601,871
W2112751341,19
W2024998628,872
W3096932862,12
W2133475491,25
W2166130385,873
W2121066581,214
W1517165204,874
W2747715470,58
W2012991826,875
W2140427427,107
W2885722640,876
W2027231794,31
W2147930274,25
W2069034916,9
W1974063789,63
W2145640629,1
W2153704625,0
W2160840472,877
W2160367301,878
W2916104401,22
W1505620647,879
W61720063,8
W2059265105,152
W2039367092,880
W3174752334,13
W2116613408,0
W2074535625,23
W3209901185,881
W3175294391,7
W3148595793,882
W2053186076,4
W4283318673,2
W2896632748,16
W2906928481,883
W1990188874,884
W2010561990,62
W2170382128,1
W2032427721,885
W1590667944,232
W2521344485,255
W2033419168,4
W2323909273,4
W45952787,14
W2052526906,3
W2981038142,9
W2121940249,197
W1701709396,886
W2116428968,3
W2793993424,198
W2110034858,0
W2086504823,5
W2109531142,4
W2077544258,887
W184049366,199
W2167155330,17
W2045362872,0
W2350778671,11
W2023961799,26
W2021589053,888
W1995867110,889
W2000535285,200
W2139850885,4
W2118944554,174
W1930824406,7
W2964631455,201
W2036110521,2
W2151976397,890
W2047547657,15
W3160856016,891
W2141092795,892
W1496508106,893
W2094661073,139
W2801852940,894
W2794842046,37
W2063658831,11
W2132210216,895
W2593722617,5
W2476012767,896
W2067008732,37
W3150402146,897
W2594560857,11
W2016559894,898
W2086914324,899
W2152319665,127
W2038198320,900
W2587587411,901
W1539807061,902
W2008535862,903
W580990616,904
W2122646361,1
W2141331848,905
W2121233130,108
W3140133525,906
W2119531925,25
W4385245566,3
W2187230075,1
W2107948588,6
W3013027210,907
W2115454650,908
W2099468260,11
W2344963917,909
W2089437550,910
W2100770837,24
W2073751678,911
W3002885741,912
W2072441740,8
W1968173975,913
W2012992615,0
W2556068545,31
W176939601,914
W2921980263,2
W4285297940,16
W1987811240,48
W4238083723,202
W2101308260,44
W2144006591,109
W2154502005,40
W2127752689,915
W2127109099,4
W2008835805,42
W4200174173,166
W2995161752,916
W2147141800,4
W2787581402,917
W81972919,918
W1763079358,919
W2137017911,920
W2156304718,921
W4213222928,922
W1561256858,40
W2982112268,3
W2293299776,0
W2077694950,923
W2883780447,7
W2170422354,60
W89654658,203
W2139977214,18
W1991055526,12
W1986021461,237
W3034602892,924
W2090177212,925
W2963452532,10
W2950055287,3
W2583071196,926
W1995643834,927
W2983008824,16
W4233458394,928
W2163504740,25
W2101267836,110
W1495444061,929
W2158959273,930
W2078860536,15
W1481358901,931
W1983572666,932
W2025043404,33
W2049221684,30
W1603565383,14
W2604700393,0
W2053639795,187
W2913360047,7
W3085526106,933
W2170239483,17
W2798918712,4
W2096509679,63
W3191161603,1
W1581253957,934
W4300886904,252
W2152767746,204
W2906498146,1
W1570025952,205
W4250533120,935
W3122043868,936
W2134833225,937
W2161630727,223
W3147945423,37
W2133295669,4
W2171327552,938
W2765811365,10
W2003017562,939
W2127728884,940
W2137291015,941
W2171957559,207
W4252813286,942
W2344328023,943
W4288242633,13
W2092577289,20
W4319831789,12
W2126236329,2
W2510508396,1
W2028396214,944
W2811308712,945
W2092382400,8
W2963506806,9
W2100720297,946
W2766472919,16
W2119077559,10
W2555182955,3
W1905469106,947
W2158712333,948
W2113201641,949
W417731266,950
W1554299674,951
W2758157811,221
W2963856926,3
W4213253539,952
W1533007301,80
W2999653953,31
W1991462213,206
W2914764075,37
W1980769559,953
W2031201375,19
W2156410527,207
W2151968342,23
W1985804037,954
W2100359132,6
W1769222792,112
W2031184266,53
W2044008895,955
W1860107648,55
W1601001795,2
W2336589871,3
W2144195358,208
W4243471705,956
W3194946664,6
W2150291840,0
W2949380545,18
W2143799301,121
W2140426549,148
W4251218026,957
W2105577021,958
W2109135024,2
W1647645866,1
W2251920663,22
W2131006463,209
W1966538856,959
W2484187659,206
W2915905517,11
W2167122335,0
W2112809725,26
W2098443654,960
W3174372074,15
W2154721480,17
W1485658078,32
W3116286104,22
W2000718498,961
W1980539682,210
W2499696929,12
W1894272157,97
W2898784076,962
W2095371287,53
W1809943808,111
W2139661402,963
W174979378,2
W1984220200,964
W2141297584,965
W2170531319,966
W4386071687,3
W3014245704,22
W2098046554,61
W4205726527,967
W2096454110,28
W2101728371,33
W1801505325,968
W1565494300,969
W2091359547,970
W2962785568,10
W4319350602,29
W2083213362,971
W2949585412,972
W2105141516,973
W1532362218,5
W2151402824,28
W2148647281,4
W2156504490,6
W2716117101,211
W1999316653,974
W2157661732,219
W2141572457,5
W1548849615,0
W2112074816,4
W4235273215,975
W2971015127,976
W2117535912,11
W1514527595,17
W3138063419,10
W2086390519,212
W3168892396,9
W2101321266,19
W1997500560,5
W2151427524,977
W2111918405,5
W2955189310,978
W2137838113,112
W1572181180,979
W4239324264,3
W2899434936,1
W2054075152,100
W2054628872,23
W2005815123,980
W2036548030,55
W2532511219,13
W2145426052,981
W1984667320,3
W2166459269,111
W2332367614,982
W2094224023,983
W2133944470,20
W2914767245,18
W2049225698,984
W2040075907,0
W2604698497,985
W2030690140,213
W1984233424,986
W2096491586,12
W3136793533,5
W1972095079,34
W2131999424,97
W2519224033,12
W2760313715,987
W2163634514,6
W2564632156,180
W2988553495,11
W1502051745,2
W1967689034,214
W1822239915,18
W2091712649,113
W2077723394,988
W2112441941,50
W2911240772,989
W2516001803,990
W2104644701,991
W2151645026,102
W38739846,18
W2963699739,2
W2027805700,992
W2137659841,4
W3090556797,993
W1505128236,18
W2767500399,994
W1699349104,27
W2095396347,21
W2005373714,0
W1523493493,16
W3012816161,71
W1571051474,229
W2535632385,16
W2576289912,995
W2120345115,66
W2125831829,8
W2892203049,996
W2043099794,0
W2140577326,59
W2167657277,997
W2152922709,998
W1520752616,8
W2171515741,119
W2086553822,38
W2121450753,999
W2137738542,1000
W2150755264,1
W3123384873,1001
W1566114229,1
W2101994403,48
W4243667233,15
W2147524598,1002
W2097506161,1003
W4205424895,1004
W2012604200,1005
W2038118137,14
W2115363289,11
W4210992763,32
W2074020013,1006
W2054413458,1007
W2038341669,215
W1973193168,20
W2043747172,42
W2846676623,12
W4226338178,1008
W1853704432,216
W3045081979,1
W2962904552,1009
W3013437827,1
W2024151148,217
W2964855489,12
W1964737702,131
W2095875205,218
W4242386856,56
W2118414527,124
W2131339155,1010
W2156539399,5
W3207467282,1011
W2117366235,1012
W2085436006,1013
W1991683819,1014
W2121318675,36
W2167757118,1015
W2110922423,57
W2044123418,26
W2367397349,22
W2058497313,1016
W2737047298,4
W203345490,1017
W2743151379,9
W2033472898,1018
W2921510663,2
W2021122545,13
W2397634864,21
W68858914,1019
W1983973172,16
W1965767254,1020
W2098339052,5
W2166707941,24
W2963374479,12
W2125032792,0
W2064165884,1021
W2010943014,114
W3019489177,1022
W2125878686,19
W2025043113,56
W2130267070,36
W2052094314,5
W1976357907,215
W2150907703,21
W2163241745,15
W4247773827,1023
W2094545987,8
W2977992592,1024
W1562615108,1025
W2133946316,1026
W2132847918,1027
W2171113940,1028
W2950903507,1029
W2050609926,99
W3158253560,9
W2143542740,4
W2296427920,0
W32283444,1030
W2508506998,115
W2153399947,1031
W1847843939,1032
W2113622874,70
W2152499466,110
W2115394472,4
W1904952949,1033
W2046006386,1034
W2790282160,219
W2156848160,1035
W2587150483,21
W2114754412,1036
W2740983644,12
W2167208435,47
W2053673723,167
W2144415942,24
W2960246799,234
W2161032904,38
W2001790138,1037
W2044742843,45
W2798435682,1038
W2138874069,1039
W2963227409,3
W1989377254,1040
W2062490363,1041
W2110520460,129
W4246858749,133
W4385342469,220
W2162713456,15
W1650423943,25
W3034949383,3
W1553290137,9
W4231098049,122
W2133615895,1042
W2980611942,1043
W1935685005,4
W80056832,1
W2057085895,1044
W2000238032,1045
W2930026108,16
W2063718733,4
W2039000785,1046
W1981667747,13
W1910108985,1047
W2139571722,1048
W2017444601,99
W2158335989,1049
W4213311204,2
W1989623757,81
W2900633536,58
W2126974659,1050
W2251345040,1051
W1594962278,1052
W1954715867,12
W2114254062,1053
W2168103533,0
W2160825121,1054
W2110337982,8
W2761586932,1055
W1926863767,1056
W1515440136,1057
W2993205652,23
W2186428165,0
W2111516947,1058
W3025446185,221
W2127949150,17
W2099319707,1059
W2151996626,1060
W4253790261,0
W1997650413,1061
W2625366777,5
W2109722393,28
W2060794637,1062
W2025636081,18
W2293768274,1
W2109963654,25
W2140095548,4
W2008164297,1063
W4292022450,1064
W588247792,1065
W3120227884,170
W2012782228,25
W148396834,1066
W2105816290,30
W2052539228,2
W2146052712,51
W2165939338,13
W2888056875,1067
W2033959528,5
W1980818933,183
W2081942683,1068
W2070095990,222
W2783573276,10
W2583993537,116
W2169447236,1069
W4294375521,9
W2156492599,1070
W3120601791,1071
W1516899372,1072
W2766759288,1073
W2167003500,201
W2013434113,1074
W2169391736,120
W2098720801,1075
W1985610876,1076
W1939474812,1077
W2130844535,1078
W1826277484,2
W1607031738,1079
W2995460200,12
W4230237964,1080
W1989574962,22
W2007714563,1081
W2007526149,1082
W2119400430,0
W2770079928,6
W1514468887,1083
W1550917065,1084
W2015320147,0
W2615737084,53
W3208209901,0
W2306447822,1085
W1498585374,36
W2029906715,1086
W2080453063,15
W2415469094,1087
W2149425615,1088
W2012752411,1089
W2053757129,4
W2162440713,3
W2093974998,107
W2048178097,34
W1591480890,223
W2101763099,1090
W2346251348,1091
W2964037929,2
W2146324387,224
W2114183243,1092
W151129402,67
W2883104598,12
W1964641132,10
W2963224792,12
W2583874385,39
W3035160371,7
W2962744771,0
W2613345295,1093
W1997131769,19
W2163612361,117
W2033444463,12
W2153623795,61
W2096847629,1
W2121435779,1094
W2120214216,52
W2071204941,118
W2159860553,1095
W2155771977,17
W2035833057,14
W2320725294,7
W806202468,1096
W1582435952,1097
W1991463899,76
W2025577327,0
W2152178735,24
W1601541039,1098
W2979200397,22
W2945594226,1099
W2135866194,1100
W2124947132,1101
W297909767,4
W1605977036,1102
W2885248007,1103
W2011698647,1104
W2137096228,1105
W2808284704,12
W2070609206,1106
W2119714163,0
W4243041937,1107
W2099658721,225
W2107344568,1108
W3213413164,144
W2136767008,5
W4384561707,29
W2504658994,1109
W2069433961,19
W2739692078,16
W2117197536,1110
W2091190815,25
W2155793029,1111
W2465108587,4
W2557764419,46
W2113640817,1112
W1558832481,0
W3045200674,1113
W2890179025,1114
W2498227950,34
W2142812297,89
W2801237935,1115
W1965068506,1116
W4366352743,1
W88520345,179
W2396457900,15
W2964941017,20
W46790137,1117
W2116396741,49
W84813673,1118
W2916979304,12
W2149236835,36
W1936725236,21
W1978970913,8
W2799166040,1119
W130135633,1120
W269659537,226
W2114497629,2
W2084976085,1121
W2116648071,18
W4292084264,227
W2104294146,4
W3173777717,18
W2005216655,0
W2150455238,1122
W578365278,1123
W2168149745,19
W2126310747,17
W2121739577,236
W2162080541,51
W309246951,119
W2159945176,1124
W2964089981,5
W2033751545,14
W3177934633,1125
W2122498678,25
W2029377923,130
W1493349649,1126
W2124833008,1127
W3023553154,25
W2024298659,62
W1499669280,9
W2053086236,176
W2115286699,1128
W2142863519,228
W1519778441,8
W2158453355,1
W2107589467,36
W2319396036,35
W2098690351,40
W1569879151,1129
W2568081791,123
W2159457224,18
W2129116707,5
W2034053794,229
W3017285694,1130
W1529577725,1131
W108745789,1132
W1679913846,1
W3179046031,12
W2168138985,120
W70975097,3
W2153239294,1133
W2207718193,1134
W2147436724,80
W4318014888,29
W2126408721,1135
W2962760690,21
W2153763008,1136
W4312563428,7
W2136451165,36
W2463456957,38
W2971194844,1137
W2077302143,1138
W4312933868,10
W2105905583,121
W1825216778,1139
W2963975998,10
W2128362607,0
W4392173735,9
W3007562398,1140
W2591700809,1141
W2037925493,230
W121610373,1142
W2317002898,1143
W2300840837,10
W2012459171,250
W2562522049,1144
W2785177491,70
W2085901425,56
W2783801667,23
W2061010610,13
W2161168419,13
W2147278565,4
W2962935966,1145
W2332927844,1146
W2021496956,27
W2155722796,47
W4386895632,69
W2120475259,1147
W2021999691,217
W2531099434,1148
W1993609153,1149
W1979651826,162
W2158455546,231
W2533503513,5
W4388979610,1150
W2155298532,173
W2163964223,1151
W2924689635,72
W2051680981,1152
W1564591558,11
W2057817757,7
W2990283237,22
W2130630988,1153
W4230588984,53
W2794385674,64
W2104608657,1154
W2899921784,1155
W2063932736,1156
W2146332392,1
W2097438318,0
W2581581211,1157
W2047152596,1158
W2145680191,1
W2135736783,1159
W2092742242,1160
W1583155004,9
W2125890410,24
W2599509984,72
W1542059364,2
W2963678509,13
W4256522398,1161
W1982043582,1162
W2062821710,1163
W2119396705,9
W2015149365,1164
W2025113330,1165
W1580142630,77
W2072641892,1166
W2141041210,1167
W1964842031,35
W2744485539,25
W2104276184,1
W2129244720,21
W2595697910,20
W2150621701,156
W2751023760,5
W4327946446,29
W2104020497,5
W2598915960,172
W2044338030,1168
W4321377319,2
W2040772791,14
W2962750014,1169
W4248646870,7
W2963333168,22
W2099561346,25
W1993595248,1170
W2104401100,37
W2104266030,65
W2174366823,232
W2017718675,95
W1904710828,1171
W2143472739,15
W2125352627,0
W2540393540,200
W2163876299,1172
W2316104835,1173
W2910603373,4
W2151215842,14
W1559267521,1174
W1570138376,1175
W2088709323,1176
W1977725648,31
W1515958737,235
W1526922602,1177
W179368776,244
W2078996548,1178
W2620007369,1179
W2051509357,83
W2136877695,233
W1690752540,32
W16075917,1180
W2133958955,1181
W2128938146,1182
W2995831381,10
W2159810798,248
W3125129461,45
W2169837091,234
W2131255818,5
W2034890821,13
W1588959569,1183
W4376866715,29
W2804095534,32
W16088600,90
W2109647201,4
W2136404418,254
W108606907,122
W1987648924,13
W2800465629,19
W1560013842,21
W2149328406,1184
W2130306094,13
W2900090645,19
W572922989,1185
W1995394404,1186
W2167501464,13
W2963789946,3
W2123544182,1187
W2042810301,112
W2119583880,1188
W2126068118,74
W4289489637,1189
W1575446397,122
W2116632169,1190
W184360280,1191
W2474835145,8
W2003123121,21
W2129826770,0
W2913466142,3
W2230089931,1192
W2560070550,1
W2110562101,1193
W3005641041,7
W2108856141,1194
W646043381,1195
W4206784086,16
W2125234026,21
W2325135768,38
W2160555926,1196
W2754517384,9
W1527077352,2
W2169657749,95
W1987708126,15
W2510470234,1197
W2170408876,1198
W2119239426,25
W2075111741,1199
W2804941773,13
W4235770099,3
W1528270775,1200
W2145760110,1201
W4313294616,29
W4200564206,1202
W2101319914,27
W2145688328,1203
W3136699861,11
W647576397,1204
W2801332928,16
W2073595756,17
W2112693869,10
W3035467948,10
W2268421884,74
W1532961226,2
W2170280226,1205
W2948354154,10
W4295951577,106
W1498219407,1206
W1587120902,235
W2216794737,1207
W2963017889,7
W2481240925,12
W3034069517,1
W2079809959,236
W1914583973,9
W2135938932,111
W3030475315,1208
W2163349370,1209
W1551377873,14
W2128439793,11
W2097050668,78
W4312805142,3
W1874450194,54
W4220863497,9
W4386251129,1210
W2152166054,1211
W2098434511,20
W2745645979,27
W2796837256,1212
W4242289937,1213
W2149054115,237
W1940113553,1214
W2557541818,1215
W2109962300,1216
W2135277010,1217
W2089536264,89
W4377695283,9
W2098408745,238
W1988317275,13
W2053782908,1218
W2179042386,22
W2160088187,8
W2107438106,2
W2593909786,1219
W2012909434,1220
W2070935310,153
W2110298485,1221
W2087544022,1222
W2087656234,90
W2171845746,10
W1995817465,15
W3112311055,11
W2012761320,20
W2791018263,1223
W2130196635,18
W1914387076,1224
W2101194540,5
W2153582625,31
W3085537935,1225
W2040484355,1226
W2154204736,3
W1553127547,239
W2186594794,1227
W1981831056,21
W2142144955,14
W4381786045,3
W3205217150,6
W2146558736,1228
W4255079701,1229
W1538307161,1230
W2800564957,240
W124281796,64
W4383097638,1231
W2047626401,8
W4229927789,84
W1496966732,0
W1579869106,1232
W2125217485,1233
W4383818129,29
W2168847332,6
W2016622085,10
W3003845873,23
W2127441060,67
W2013037718,1234
W2148091684,1235
W2621614835,1
W70402205,1236
W2994550771,96
W4246295448,1237
W2243015210,1238
W1539259921,1239
W2074113357,1240
W2070481764,1241
W2148959489,1242
W2118322263,1243
W1643263348,5
W2799215068,7
W2103914635,241
W1986399639,43
W3169608111,1244
W1978004294,0
W2206222117,1245
W2599937626,8
W2962825119,7
W2589745805,10
W2037169571,9
W1967649176,1246
W2783272285,12
W2105599110,1247
W2772526503,11
W2008183828,1248
W2938435433,1249
W2001959118,1250
W1981782231,1251
W2954929116,9
W26484216,34
W4385414156,18
W3088310808,1252
W2010699490,1253
W2094061585,20
W4312784228,3
W2189718286,123
W2474090883,10
W2067870260,15
W2104803737,2
W2107106521,1254
W2161811007,1255
W1901187898,6
W1565988340,1256
W2002299629,242
W2135511047,0
W2109192777,1257
W2158183344,1258
W2038195563,34
W2899225656,1259
W2497930546,150
W2110487226,1260
W2610991930,243
W2061363285,1261
W1974210421,1
W2169625245,1262
W2162621793,244
W2121879602,21
W2106996050,5
W2095152618,1263
W2013885787,1
W2044184930,1264
W2149806453,1265
W1885156594,1266
W1991357106,1
W1590752147,245
W2123933087,20
W4210867863,1267
W2576489192,1268
W1968878949,246
W2154881985,6
W1546690352,1269
W2777699329,1270
W2001362158,32
W1967542164,1271
W2963210849,22
W2998269939,126
W2145747124,0
W2594507094,5
W2055312318,10
W2114925438,21
W2106125650,1272
W2130498694,1273
W1590012787,1274
W2770804203,5
W2971544482,22
W2025525377,8
W2126453598,38
W2116618478,79
W2168783614,10
W2156555857,1275
W3014128467,1276
W1514242939,20
W2063236501,1277
W2080550094,154
W1720514416,12
W2172191903,251
W1564656982,1278
W2091461573,44
W1559803596,1279
W2251810906,1280
W2061521146,20
W179875071,12
W2101040389,1281
W2166844173,1282
W2148358298,1283
W3033642124,1284
W2750964270,1285
W3129696436,1286
W4206820429,13
W2067624846,30
W2106135161,123
W2125134431,208
W1549212964,15
W2119523314,24
W2168961642,21
W2013409485,0
W2029761439,149
W2889907608,247
W2129818040,1287
W2329118757,1288
W2795959543,1289
W2125534143,1290
W22403494,1291
W1986606224,15
W2144162573,115
W2171472464,1292
W2077422864,159
W2045290959,2
W1886182875,26
W2033011996,1293
W1996919562,11
W2038121473,1294
W2130006747,15
W4254068909,24
W2101308451,1295
W2949835970,101
W2517713314,23
W1595797227,192
W2043606064,1296
W2155490028,22
W1506025786,20
W3046653923,2
W2040678819,11
W2983260997,16
W2059380935,1297
W2810536664,248
W2123952056,15
W2117727263,1298
W2147900802,43
W2603203130,5
W2986028972,5
W2139339670,8
W1563579290,1299
W2103662601,17
W2150562017,6
W2162505149,83
W2899750879,104
W2084312103,27
W2159873858,1300
W1968245619,1301
W2127820195,6
W1981612671,30
W2343774752,1302
W2050127793,45
W2155397158,249
W1991292921,1303
W1787224781,22
W1867732144,1304
W1710476689,3
W3106729728,8
W2065523799,250
W2990230185,1305
W2121863487,9
W1991271936,205
W2024652123,2
W2138570191,42
W1519072852,1306
W4236137412,11
W566619023,1307
W2016892599,209
W1480553355,1308
W2165713838,8
W2015469910,1309
W1555689267,8
W2141312052,14
W2074658690,1310
W2936802426,1311
W2171121903,6
W3112020351,1
W2051297709,1312
W2593572697,3
W2113085766,1313
W1533970595,1
W2013542432,1314
W2885100636,2
W2528489519,3
W2157954477,0
W2181616869,65
W2123871098,163
W2964345792,12
W2139704390,41
W1847535063,1315
W4297888513,1316
W2131479089,4
W2146321253,17
W2143043751,6
W2009501510,1317
W2135829516,66
W2962677625,11
W4253336088,1318
W2124548165,8
W1508977358,20
W1973734200,1319
W2117564498,8
W2834288129,0
W2969322340,171
W2164348610,26
W1484252823,15
W2800426337,16
W2076428552,1320
W4225292576,1321
W2145773134,4
W1518754760,1322
W2114869486,8
W2162708558,251
W2160521364,1323
W1953654329,1324
W2116132371,158
W2156954980,84
W2251812186,20
W2170682101,1325
W2083189460,30
W2108050790,1326
W2963669336,116
W2130724591,252
W2001804342,28
W2040825624,1
W2000830239,253
W2106505277,7
W2123462437,92
W2141015396,7
W2061753713,9
W2156487032,246
W2999838674,7
W2964303497,22
W2021197154,1327
W2089657469,1328
W2118764052,189
W2949767632,1329
W2154453017,15
W2031904986,1330
W1506513518,1331
W2133843880,67
W2963800363,10
W2111966261,1332
W2020968226,1333
W2049244691,121
W2044560939,14
W2142082467,1334
W2068288121,1335
W2115056506,1336
W1576087595,1337
W2031612892,1338
W1541960437,1339
W2169600013,147
W2018891043,0
W2963265326,1340
W2021835705,1341
W2038517014,2
W4254182148,1
W2112079022,1342
W2132874238,58
W2140190783,103
W2074312267,17
W4386083141,10
W2901354392,1343
W2131414141,22
W2564590721,1
W1496317629,1344
W2771305881,7
W2148123869,1345
W2769368469,1346
W2070472909,48
W1999874108,116
W4245027182,11
W2111986491,21
W2060336156,256
W1927360298,1347
W2150600350,4
W2209882149,3
W1484413656,0
W2897702578,46
W1581053519,1348
W1791560514,7
W1903863260,17
W1492176525,32
W2047883532,28
W2042173080,1349
W3034846142,1350
W2115263911,1351
W2166667085,33
W2060584096,2
W2112731379,109
W2111050372,1352
W2798247400,15
W2122184585,41
W3089436719,68
W2134127549,211
W2929438235,2
W2999000103,10
W2803287810,124
W1749485691,27
W1998839399,1
W2146772029,4
W2783944588,12
W4244948936,254
W2602743044,1353
W1599016936,14
W2119745055,0
W2123378202,34
W2166473670,1354
W2966229829,32
W2132891289,44
W2252350410,1355
W2150388519,17
W1589720045,1356
W2606473278,12
W1533109738,1357
W2129638122,1358
W2169484333,17
W2101927907,11
W4255535209,2
W4211068006,2
W2304108689,1359
W1991919711,243
W1977470670,38
W1607264302,2
W2103996952,25
W2202505358,1360
W2769200374,16
W3126007474,1361
W4242753874,1362
W2890771450,1363
W2102531244,1364
W2046216252,255
W2980951591,1365
W2963349562,12
W2105217850,8
W2114058809,40
W2803371618,2
W2964018263,3
W2955042957,256
W3182901567,1366
W3021339548,115
W2906407074,1367
W3012995232,1368
W2003350835,114
W1579634341,1369
W2066799613,49
W2161505441,13
W1972770660,1370
W2125930899,0
W2101005742,1371
W1581972551,1372
W1486317198,14
W2083213425,6
W2154555738,1373
W2074634340,257
W2167514255,39
W3040316091,125
W1972703995,1374
W589376732,1375
W3140950603,85
W2126029446,177
W4385452929,1376
W2074935284,0
W1602002062,57
W2117363591,6
W2161531345,14
W3176719058,3
W2404603298,38
W2164692160,1377
W2161634108,1
W1932473789,19
W2134606933,52
W4297733535,126
W3085695825,1378
W2111093795,19
W2912213068,2
W1999972527,1379
W2105106232,3
W2002930326,2
W2972093761,8
W2117777000,19
W3044165892,33
W2148876004,164
W2095954496,1380
W2133168612,4
W2031250218,258
W2748058847,14
W2919234133,31
W2161076907,28
W2133128142,1381
W1966214317,1382
W94523489,9
W1974744233,4
W2963522749,10
W1970606468,2
W1972191802,11
W4287322212,7
W2077850713,0
W2004424554,1383
W2106891293,10
W1978216860,1384
W1974683692,30
W3044338123,4
W2124333656,59
W3130804255,1385
W1690240707,7
W2111078031,5
W4239513977,1386
W2172024658,19
W2498905566,1387
W3096188699,6
W2113467413,113
W2172256532,14
W4239651601,6
W2181195194,93
W2344973853,1388
W3035484352,7
W2781491433,12
W2209594346,1389
W191000419,259
W4324093415,1390
W2049237558,7
W2036637075,13
W2107634464,3
W2082526668,1391
W2133985894,127
W2049624350,1392
W2161763921,22
W2127628887,222
W2591927365,260
W1977769089,2
W2148158693,66
W2030129920,1393
W1968106150,54
W1920702274,9
W1491719799,5
W2146194791,21
W1480875294,1394
